{
    "rmse": 0.8048933424123467,
    "mae": 0.6577334357115217,
    "r2": 0.008649603724574018
}